DATAFLOW,LAST UPDATE,freq,unit,sector,cofog99,na_item,geo,TIME_PERIOD,OBS_VALUE,OBS_FLAG
ESTAT:GOV_10A_EXP$DEFAULTVIEW(1.0),03/01/23 11:00:00,A,PC_GDP,S13,TOTAL,TE,AT,2012,51.2,
ESTAT:GOV_10A_EXP$DEFAULTVIEW(1.0),03/01/23 11:00:00,A,PC_GDP,S13,TOTAL,TE,AT,2013,51.6,
ESTAT:GOV_10A_EXP$DEFAULTVIEW(1.0),03/01/23 11:00:00,A,PC_GDP,S13,TOTAL,TE,AT,2014,52.4,
ESTAT:GOV_10A_EXP$DEFAULTVIEW(1.0),03/01/23 11:00:00,A,PC_GDP,S13,TOTAL,TE,AT,2015,51.1,
ESTAT:GOV_10A_EXP$DEFAULTVIEW(1.0),03/01/23 11:00:00,A,PC_GDP,S13,TOTAL,TE,AT,2016,50.1,
ESTAT:GOV_10A_EXP$DEFAULTVIEW(1.0),03/01/23 11:00:00,A,PC_GDP,S13,TOTAL,TE,AT,2017,49.3,
ESTAT:GOV_10A_EXP$DEFAULTVIEW(1.0),03/01/23 11:00:00,A,PC_GDP,S13,TOTAL,TE,AT,2018,48.8,
ESTAT:GOV_10A_EXP$DEFAULTVIEW(1.0),03/01/23 11:00:00,A,PC_GDP,S13,TOTAL,TE,AT,2019,48.6,
ESTAT:GOV_10A_EXP$DEFAULTVIEW(1.0),03/01/23 11:00:00,A,PC_GDP,S13,TOTAL,TE,AT,2020,56.7,
ESTAT:GOV_10A_EXP$DEFAULTVIEW(1.0),03/01/23 11:00:00,A,PC_GDP,S13,TOTAL,TE,AT,2021,56.0,
ESTAT:GOV_10A_EXP$DEFAULTVIEW(1.0),03/01/23 11:00:00,A,PC_GDP,S13,TOTAL,TE,BE,2012,56.5,
ESTAT:GOV_10A_EXP$DEFAULTVIEW(1.0),03/01/23 11:00:00,A,PC_GDP,S13,TOTAL,TE,BE,2013,56.1,
ESTAT:GOV_10A_EXP$DEFAULTVIEW(1.0),03/01/23 11:00:00,A,PC_GDP,S13,TOTAL,TE,BE,2014,55.6,
ESTAT:GOV_10A_EXP$DEFAULTVIEW(1.0),03/01/23 11:00:00,A,PC_GDP,S13,TOTAL,TE,BE,2015,53.7,
ESTAT:GOV_10A_EXP$DEFAULTVIEW(1.0),03/01/23 11:00:00,A,PC_GDP,S13,TOTAL,TE,BE,2016,53.1,
ESTAT:GOV_10A_EXP$DEFAULTVIEW(1.0),03/01/23 11:00:00,A,PC_GDP,S13,TOTAL,TE,BE,2017,52.0,
ESTAT:GOV_10A_EXP$DEFAULTVIEW(1.0),03/01/23 11:00:00,A,PC_GDP,S13,TOTAL,TE,BE,2018,52.2,
ESTAT:GOV_10A_EXP$DEFAULTVIEW(1.0),03/01/23 11:00:00,A,PC_GDP,S13,TOTAL,TE,BE,2019,51.8,
ESTAT:GOV_10A_EXP$DEFAULTVIEW(1.0),03/01/23 11:00:00,A,PC_GDP,S13,TOTAL,TE,BE,2020,59.2,
ESTAT:GOV_10A_EXP$DEFAULTVIEW(1.0),03/01/23 11:00:00,A,PC_GDP,S13,TOTAL,TE,BG,2012,34.3,
ESTAT:GOV_10A_EXP$DEFAULTVIEW(1.0),03/01/23 11:00:00,A,PC_GDP,S13,TOTAL,TE,BG,2013,37.8,
ESTAT:GOV_10A_EXP$DEFAULTVIEW(1.0),03/01/23 11:00:00,A,PC_GDP,S13,TOTAL,TE,BG,2014,43.2,
ESTAT:GOV_10A_EXP$DEFAULTVIEW(1.0),03/01/23 11:00:00,A,PC_GDP,S13,TOTAL,TE,BG,2015,40.4,
ESTAT:GOV_10A_EXP$DEFAULTVIEW(1.0),03/01/23 11:00:00,A,PC_GDP,S13,TOTAL,TE,BG,2016,34.8,
ESTAT:GOV_10A_EXP$DEFAULTVIEW(1.0),03/01/23 11:00:00,A,PC_GDP,S13,TOTAL,TE,BG,2017,34.8,
ESTAT:GOV_10A_EXP$DEFAULTVIEW(1.0),03/01/23 11:00:00,A,PC_GDP,S13,TOTAL,TE,BG,2018,36.9,
ESTAT:GOV_10A_EXP$DEFAULTVIEW(1.0),03/01/23 11:00:00,A,PC_GDP,S13,TOTAL,TE,BG,2019,35.5,
ESTAT:GOV_10A_EXP$DEFAULTVIEW(1.0),03/01/23 11:00:00,A,PC_GDP,S13,TOTAL,TE,BG,2020,41.8,
ESTAT:GOV_10A_EXP$DEFAULTVIEW(1.0),03/01/23 11:00:00,A,PC_GDP,S13,TOTAL,TE,CY,2012,42.2,
ESTAT:GOV_10A_EXP$DEFAULTVIEW(1.0),03/01/23 11:00:00,A,PC_GDP,S13,TOTAL,TE,CY,2013,43.0,
ESTAT:GOV_10A_EXP$DEFAULTVIEW(1.0),03/01/23 11:00:00,A,PC_GDP,S13,TOTAL,TE,CY,2014,49.4,
ESTAT:GOV_10A_EXP$DEFAULTVIEW(1.0),03/01/23 11:00:00,A,PC_GDP,S13,TOTAL,TE,CY,2015,40.6,
ESTAT:GOV_10A_EXP$DEFAULTVIEW(1.0),03/01/23 11:00:00,A,PC_GDP,S13,TOTAL,TE,CY,2016,37.5,
ESTAT:GOV_10A_EXP$DEFAULTVIEW(1.0),03/01/23 11:00:00,A,PC_GDP,S13,TOTAL,TE,CY,2017,36.5,
ESTAT:GOV_10A_EXP$DEFAULTVIEW(1.0),03/01/23 11:00:00,A,PC_GDP,S13,TOTAL,TE,CY,2018,42.7,
ESTAT:GOV_10A_EXP$DEFAULTVIEW(1.0),03/01/23 11:00:00,A,PC_GDP,S13,TOTAL,TE,CY,2019,38.4,
ESTAT:GOV_10A_EXP$DEFAULTVIEW(1.0),03/01/23 11:00:00,A,PC_GDP,S13,TOTAL,TE,CY,2020,45.1,
ESTAT:GOV_10A_EXP$DEFAULTVIEW(1.0),03/01/23 11:00:00,A,PC_GDP,S13,TOTAL,TE,CZ,2012,44.7,
ESTAT:GOV_10A_EXP$DEFAULTVIEW(1.0),03/01/23 11:00:00,A,PC_GDP,S13,TOTAL,TE,CZ,2013,42.7,
ESTAT:GOV_10A_EXP$DEFAULTVIEW(1.0),03/01/23 11:00:00,A,PC_GDP,S13,TOTAL,TE,CZ,2014,42.6,
ESTAT:GOV_10A_EXP$DEFAULTVIEW(1.0),03/01/23 11:00:00,A,PC_GDP,S13,TOTAL,TE,CZ,2015,41.9,
ESTAT:GOV_10A_EXP$DEFAULTVIEW(1.0),03/01/23 11:00:00,A,PC_GDP,S13,TOTAL,TE,CZ,2016,39.8,
ESTAT:GOV_10A_EXP$DEFAULTVIEW(1.0),03/01/23 11:00:00,A,PC_GDP,S13,TOTAL,TE,CZ,2017,39.0,
ESTAT:GOV_10A_EXP$DEFAULTVIEW(1.0),03/01/23 11:00:00,A,PC_GDP,S13,TOTAL,TE,CZ,2018,40.6,
ESTAT:GOV_10A_EXP$DEFAULTVIEW(1.0),03/01/23 11:00:00,A,PC_GDP,S13,TOTAL,TE,CZ,2019,41.1,
ESTAT:GOV_10A_EXP$DEFAULTVIEW(1.0),03/01/23 11:00:00,A,PC_GDP,S13,TOTAL,TE,CZ,2020,47.2,
ESTAT:GOV_10A_EXP$DEFAULTVIEW(1.0),03/01/23 11:00:00,A,PC_GDP,S13,TOTAL,TE,DE,2012,44.9,
ESTAT:GOV_10A_EXP$DEFAULTVIEW(1.0),03/01/23 11:00:00,A,PC_GDP,S13,TOTAL,TE,DE,2013,44.9,
ESTAT:GOV_10A_EXP$DEFAULTVIEW(1.0),03/01/23 11:00:00,A,PC_GDP,S13,TOTAL,TE,DE,2014,44.3,
ESTAT:GOV_10A_EXP$DEFAULTVIEW(1.0),03/01/23 11:00:00,A,PC_GDP,S13,TOTAL,TE,DE,2015,44.1,
ESTAT:GOV_10A_EXP$DEFAULTVIEW(1.0),03/01/23 11:00:00,A,PC_GDP,S13,TOTAL,TE,DE,2016,44.4,
ESTAT:GOV_10A_EXP$DEFAULTVIEW(1.0),03/01/23 11:00:00,A,PC_GDP,S13,TOTAL,TE,DE,2017,44.2,
ESTAT:GOV_10A_EXP$DEFAULTVIEW(1.0),03/01/23 11:00:00,A,PC_GDP,S13,TOTAL,TE,DE,2018,44.3,p
ESTAT:GOV_10A_EXP$DEFAULTVIEW(1.0),03/01/23 11:00:00,A,PC_GDP,S13,TOTAL,TE,DE,2019,45.0,p
ESTAT:GOV_10A_EXP$DEFAULTVIEW(1.0),03/01/23 11:00:00,A,PC_GDP,S13,TOTAL,TE,DE,2020,50.8,p
ESTAT:GOV_10A_EXP$DEFAULTVIEW(1.0),03/01/23 11:00:00,A,PC_GDP,S13,TOTAL,TE,DK,2012,58.0,
ESTAT:GOV_10A_EXP$DEFAULTVIEW(1.0),03/01/23 11:00:00,A,PC_GDP,S13,TOTAL,TE,DK,2013,55.8,
ESTAT:GOV_10A_EXP$DEFAULTVIEW(1.0),03/01/23 11:00:00,A,PC_GDP,S13,TOTAL,TE,DK,2014,55.2,
ESTAT:GOV_10A_EXP$DEFAULTVIEW(1.0),03/01/23 11:00:00,A,PC_GDP,S13,TOTAL,TE,DK,2015,54.5,
ESTAT:GOV_10A_EXP$DEFAULTVIEW(1.0),03/01/23 11:00:00,A,PC_GDP,S13,TOTAL,TE,DK,2016,52.5,
ESTAT:GOV_10A_EXP$DEFAULTVIEW(1.0),03/01/23 11:00:00,A,PC_GDP,S13,TOTAL,TE,DK,2017,50.5,
ESTAT:GOV_10A_EXP$DEFAULTVIEW(1.0),03/01/23 11:00:00,A,PC_GDP,S13,TOTAL,TE,DK,2018,50.5,
ESTAT:GOV_10A_EXP$DEFAULTVIEW(1.0),03/01/23 11:00:00,A,PC_GDP,S13,TOTAL,TE,DK,2019,49.7,
ESTAT:GOV_10A_EXP$DEFAULTVIEW(1.0),03/01/23 11:00:00,A,PC_GDP,S13,TOTAL,TE,DK,2020,53.5,
ESTAT:GOV_10A_EXP$DEFAULTVIEW(1.0),03/01/23 11:00:00,A,PC_GDP,S13,TOTAL,TE,DK,2021,50.8,
ESTAT:GOV_10A_EXP$DEFAULTVIEW(1.0),03/01/23 11:00:00,A,PC_GDP,S13,TOTAL,TE,EA19,2012,50.0,
ESTAT:GOV_10A_EXP$DEFAULTVIEW(1.0),03/01/23 11:00:00,A,PC_GDP,S13,TOTAL,TE,EA19,2013,49.9,
ESTAT:GOV_10A_EXP$DEFAULTVIEW(1.0),03/01/23 11:00:00,A,PC_GDP,S13,TOTAL,TE,EA19,2014,49.3,
ESTAT:GOV_10A_EXP$DEFAULTVIEW(1.0),03/01/23 11:00:00,A,PC_GDP,S13,TOTAL,TE,EA19,2015,48.4,
ESTAT:GOV_10A_EXP$DEFAULTVIEW(1.0),03/01/23 11:00:00,A,PC_GDP,S13,TOTAL,TE,EA19,2016,47.7,
ESTAT:GOV_10A_EXP$DEFAULTVIEW(1.0),03/01/23 11:00:00,A,PC_GDP,S13,TOTAL,TE,EA19,2017,47.1,
ESTAT:GOV_10A_EXP$DEFAULTVIEW(1.0),03/01/23 11:00:00,A,PC_GDP,S13,TOTAL,TE,EA19,2018,46.9,
ESTAT:GOV_10A_EXP$DEFAULTVIEW(1.0),03/01/23 11:00:00,A,PC_GDP,S13,TOTAL,TE,EA19,2019,46.9,
ESTAT:GOV_10A_EXP$DEFAULTVIEW(1.0),03/01/23 11:00:00,A,PC_GDP,S13,TOTAL,TE,EA19,2020,53.5,
ESTAT:GOV_10A_EXP$DEFAULTVIEW(1.0),03/01/23 11:00:00,A,PC_GDP,S13,TOTAL,TE,EE,2012,39.2,
ESTAT:GOV_10A_EXP$DEFAULTVIEW(1.0),03/01/23 11:00:00,A,PC_GDP,S13,TOTAL,TE,EE,2013,38.4,
ESTAT:GOV_10A_EXP$DEFAULTVIEW(1.0),03/01/23 11:00:00,A,PC_GDP,S13,TOTAL,TE,EE,2014,37.8,
ESTAT:GOV_10A_EXP$DEFAULTVIEW(1.0),03/01/23 11:00:00,A,PC_GDP,S13,TOTAL,TE,EE,2015,39.5,
ESTAT:GOV_10A_EXP$DEFAULTVIEW(1.0),03/01/23 11:00:00,A,PC_GDP,S13,TOTAL,TE,EE,2016,39.4,
ESTAT:GOV_10A_EXP$DEFAULTVIEW(1.0),03/01/23 11:00:00,A,PC_GDP,S13,TOTAL,TE,EE,2017,39.2,
ESTAT:GOV_10A_EXP$DEFAULTVIEW(1.0),03/01/23 11:00:00,A,PC_GDP,S13,TOTAL,TE,EE,2018,39.4,
ESTAT:GOV_10A_EXP$DEFAULTVIEW(1.0),03/01/23 11:00:00,A,PC_GDP,S13,TOTAL,TE,EE,2019,39.4,
ESTAT:GOV_10A_EXP$DEFAULTVIEW(1.0),03/01/23 11:00:00,A,PC_GDP,S13,TOTAL,TE,EE,2020,45.9,
ESTAT:GOV_10A_EXP$DEFAULTVIEW(1.0),03/01/23 11:00:00,A,PC_GDP,S13,TOTAL,TE,EL,2012,56.7,
ESTAT:GOV_10A_EXP$DEFAULTVIEW(1.0),03/01/23 11:00:00,A,PC_GDP,S13,TOTAL,TE,EL,2013,62.8,
ESTAT:GOV_10A_EXP$DEFAULTVIEW(1.0),03/01/23 11:00:00,A,PC_GDP,S13,TOTAL,TE,EL,2014,50.7,
ESTAT:GOV_10A_EXP$DEFAULTVIEW(1.0),03/01/23 11:00:00,A,PC_GDP,S13,TOTAL,TE,EL,2015,54.1,
ESTAT:GOV_10A_EXP$DEFAULTVIEW(1.0),03/01/23 11:00:00,A,PC_GDP,S13,TOTAL,TE,EL,2016,49.9,
ESTAT:GOV_10A_EXP$DEFAULTVIEW(1.0),03/01/23 11:00:00,A,PC_GDP,S13,TOTAL,TE,EL,2017,48.5,
ESTAT:GOV_10A_EXP$DEFAULTVIEW(1.0),03/01/23 11:00:00,A,PC_GDP,S13,TOTAL,TE,EL,2018,48.5,
ESTAT:GOV_10A_EXP$DEFAULTVIEW(1.0),03/01/23 11:00:00,A,PC_GDP,S13,TOTAL,TE,EL,2019,47.9,
ESTAT:GOV_10A_EXP$DEFAULTVIEW(1.0),03/01/23 11:00:00,A,PC_GDP,S13,TOTAL,TE,EL,2020,59.8,
ESTAT:GOV_10A_EXP$DEFAULTVIEW(1.0),03/01/23 11:00:00,A,PC_GDP,S13,TOTAL,TE,ES,2012,48.7,
ESTAT:GOV_10A_EXP$DEFAULTVIEW(1.0),03/01/23 11:00:00,A,PC_GDP,S13,TOTAL,TE,ES,2013,45.8,
ESTAT:GOV_10A_EXP$DEFAULTVIEW(1.0),03/01/23 11:00:00,A,PC_GDP,S13,TOTAL,TE,ES,2014,45.1,
ESTAT:GOV_10A_EXP$DEFAULTVIEW(1.0),03/01/23 11:00:00,A,PC_GDP,S13,TOTAL,TE,ES,2015,43.9,
ESTAT:GOV_10A_EXP$DEFAULTVIEW(1.0),03/01/23 11:00:00,A,PC_GDP,S13,TOTAL,TE,ES,2016,42.4,
ESTAT:GOV_10A_EXP$DEFAULTVIEW(1.0),03/01/23 11:00:00,A,PC_GDP,S13,TOTAL,TE,ES,2017,41.2,
ESTAT:GOV_10A_EXP$DEFAULTVIEW(1.0),03/01/23 11:00:00,A,PC_GDP,S13,TOTAL,TE,ES,2018,41.7,
ESTAT:GOV_10A_EXP$DEFAULTVIEW(1.0),03/01/23 11:00:00,A,PC_GDP,S13,TOTAL,TE,ES,2019,42.1,
ESTAT:GOV_10A_EXP$DEFAULTVIEW(1.0),03/01/23 11:00:00,A,PC_GDP,S13,TOTAL,TE,ES,2020,52.4,p
ESTAT:GOV_10A_EXP$DEFAULTVIEW(1.0),03/01/23 11:00:00,A,PC_GDP,S13,TOTAL,TE,EU27_2020,2012,49.7,
ESTAT:GOV_10A_EXP$DEFAULTVIEW(1.0),03/01/23 11:00:00,A,PC_GDP,S13,TOTAL,TE,EU27_2020,2013,49.6,
ESTAT:GOV_10A_EXP$DEFAULTVIEW(1.0),03/01/23 11:00:00,A,PC_GDP,S13,TOTAL,TE,EU27_2020,2014,49.0,
ESTAT:GOV_10A_EXP$DEFAULTVIEW(1.0),03/01/23 11:00:00,A,PC_GDP,S13,TOTAL,TE,EU27_2020,2015,48.1,
ESTAT:GOV_10A_EXP$DEFAULTVIEW(1.0),03/01/23 11:00:00,A,PC_GDP,S13,TOTAL,TE,EU27_2020,2016,47.4,
ESTAT:GOV_10A_EXP$DEFAULTVIEW(1.0),03/01/23 11:00:00,A,PC_GDP,S13,TOTAL,TE,EU27_2020,2017,46.7,
ESTAT:GOV_10A_EXP$DEFAULTVIEW(1.0),03/01/23 11:00:00,A,PC_GDP,S13,TOTAL,TE,EU27_2020,2018,46.5,
ESTAT:GOV_10A_EXP$DEFAULTVIEW(1.0),03/01/23 11:00:00,A,PC_GDP,S13,TOTAL,TE,EU27_2020,2019,46.5,
ESTAT:GOV_10A_EXP$DEFAULTVIEW(1.0),03/01/23 11:00:00,A,PC_GDP,S13,TOTAL,TE,EU27_2020,2020,52.9,
ESTAT:GOV_10A_EXP$DEFAULTVIEW(1.0),03/01/23 11:00:00,A,PC_GDP,S13,TOTAL,TE,FI,2012,55.4,
ESTAT:GOV_10A_EXP$DEFAULTVIEW(1.0),03/01/23 11:00:00,A,PC_GDP,S13,TOTAL,TE,FI,2013,56.8,
ESTAT:GOV_10A_EXP$DEFAULTVIEW(1.0),03/01/23 11:00:00,A,PC_GDP,S13,TOTAL,TE,FI,2014,57.3,
ESTAT:GOV_10A_EXP$DEFAULTVIEW(1.0),03/01/23 11:00:00,A,PC_GDP,S13,TOTAL,TE,FI,2015,56.5,b
ESTAT:GOV_10A_EXP$DEFAULTVIEW(1.0),03/01/23 11:00:00,A,PC_GDP,S13,TOTAL,TE,FI,2016,55.6,
ESTAT:GOV_10A_EXP$DEFAULTVIEW(1.0),03/01/23 11:00:00,A,PC_GDP,S13,TOTAL,TE,FI,2017,53.6,
ESTAT:GOV_10A_EXP$DEFAULTVIEW(1.0),03/01/23 11:00:00,A,PC_GDP,S13,TOTAL,TE,FI,2018,53.3,
ESTAT:GOV_10A_EXP$DEFAULTVIEW(1.0),03/01/23 11:00:00,A,PC_GDP,S13,TOTAL,TE,FI,2019,53.3,
ESTAT:GOV_10A_EXP$DEFAULTVIEW(1.0),03/01/23 11:00:00,A,PC_GDP,S13,TOTAL,TE,FI,2020,57.5,
ESTAT:GOV_10A_EXP$DEFAULTVIEW(1.0),03/01/23 11:00:00,A,PC_GDP,S13,TOTAL,TE,FR,2012,57.1,
ESTAT:GOV_10A_EXP$DEFAULTVIEW(1.0),03/01/23 11:00:00,A,PC_GDP,S13,TOTAL,TE,FR,2013,57.2,
ESTAT:GOV_10A_EXP$DEFAULTVIEW(1.0),03/01/23 11:00:00,A,PC_GDP,S13,TOTAL,TE,FR,2014,57.2,
ESTAT:GOV_10A_EXP$DEFAULTVIEW(1.0),03/01/23 11:00:00,A,PC_GDP,S13,TOTAL,TE,FR,2015,56.8,
ESTAT:GOV_10A_EXP$DEFAULTVIEW(1.0),03/01/23 11:00:00,A,PC_GDP,S13,TOTAL,TE,FR,2016,56.7,
ESTAT:GOV_10A_EXP$DEFAULTVIEW(1.0),03/01/23 11:00:00,A,PC_GDP,S13,TOTAL,TE,FR,2017,56.5,
ESTAT:GOV_10A_EXP$DEFAULTVIEW(1.0),03/01/23 11:00:00,A,PC_GDP,S13,TOTAL,TE,FR,2018,55.6,
ESTAT:GOV_10A_EXP$DEFAULTVIEW(1.0),03/01/23 11:00:00,A,PC_GDP,S13,TOTAL,TE,FR,2019,55.4,p
ESTAT:GOV_10A_EXP$DEFAULTVIEW(1.0),03/01/23 11:00:00,A,PC_GDP,S13,TOTAL,TE,FR,2020,61.6,p
ESTAT:GOV_10A_EXP$DEFAULTVIEW(1.0),03/01/23 11:00:00,A,PC_GDP,S13,TOTAL,TE,HR,2012,48.4,
ESTAT:GOV_10A_EXP$DEFAULTVIEW(1.0),03/01/23 11:00:00,A,PC_GDP,S13,TOTAL,TE,HR,2013,48.3,
ESTAT:GOV_10A_EXP$DEFAULTVIEW(1.0),03/01/23 11:00:00,A,PC_GDP,S13,TOTAL,TE,HR,2014,48.7,
ESTAT:GOV_10A_EXP$DEFAULTVIEW(1.0),03/01/23 11:00:00,A,PC_GDP,S13,TOTAL,TE,HR,2015,48.2,
ESTAT:GOV_10A_EXP$DEFAULTVIEW(1.0),03/01/23 11:00:00,A,PC_GDP,S13,TOTAL,TE,HR,2016,46.9,
ESTAT:GOV_10A_EXP$DEFAULTVIEW(1.0),03/01/23 11:00:00,A,PC_GDP,S13,TOTAL,TE,HR,2017,44.7,
ESTAT:GOV_10A_EXP$DEFAULTVIEW(1.0),03/01/23 11:00:00,A,PC_GDP,S13,TOTAL,TE,HR,2018,45.5,
ESTAT:GOV_10A_EXP$DEFAULTVIEW(1.0),03/01/23 11:00:00,A,PC_GDP,S13,TOTAL,TE,HR,2019,46.0,
ESTAT:GOV_10A_EXP$DEFAULTVIEW(1.0),03/01/23 11:00:00,A,PC_GDP,S13,TOTAL,TE,HR,2020,54.5,
ESTAT:GOV_10A_EXP$DEFAULTVIEW(1.0),03/01/23 11:00:00,A,PC_GDP,S13,TOTAL,TE,HU,2012,49.1,
ESTAT:GOV_10A_EXP$DEFAULTVIEW(1.0),03/01/23 11:00:00,A,PC_GDP,S13,TOTAL,TE,HU,2013,50.0,
ESTAT:GOV_10A_EXP$DEFAULTVIEW(1.0),03/01/23 11:00:00,A,PC_GDP,S13,TOTAL,TE,HU,2014,50.0,
ESTAT:GOV_10A_EXP$DEFAULTVIEW(1.0),03/01/23 11:00:00,A,PC_GDP,S13,TOTAL,TE,HU,2015,50.4,
ESTAT:GOV_10A_EXP$DEFAULTVIEW(1.0),03/01/23 11:00:00,A,PC_GDP,S13,TOTAL,TE,HU,2016,46.8,
ESTAT:GOV_10A_EXP$DEFAULTVIEW(1.0),03/01/23 11:00:00,A,PC_GDP,S13,TOTAL,TE,HU,2017,46.7,
ESTAT:GOV_10A_EXP$DEFAULTVIEW(1.0),03/01/23 11:00:00,A,PC_GDP,S13,TOTAL,TE,HU,2018,46.1,
ESTAT:GOV_10A_EXP$DEFAULTVIEW(1.0),03/01/23 11:00:00,A,PC_GDP,S13,TOTAL,TE,HU,2019,45.7,
ESTAT:GOV_10A_EXP$DEFAULTVIEW(1.0),03/01/23 11:00:00,A,PC_GDP,S13,TOTAL,TE,HU,2020,51.6,
ESTAT:GOV_10A_EXP$DEFAULTVIEW(1.0),03/01/23 11:00:00,A,PC_GDP,S13,TOTAL,TE,IE,2012,42.5,
ESTAT:GOV_10A_EXP$DEFAULTVIEW(1.0),03/01/23 11:00:00,A,PC_GDP,S13,TOTAL,TE,IE,2013,40.6,
ESTAT:GOV_10A_EXP$DEFAULTVIEW(1.0),03/01/23 11:00:00,A,PC_GDP,S13,TOTAL,TE,IE,2014,37.6,
ESTAT:GOV_10A_EXP$DEFAULTVIEW(1.0),03/01/23 11:00:00,A,PC_GDP,S13,TOTAL,TE,IE,2015,29.1,
ESTAT:GOV_10A_EXP$DEFAULTVIEW(1.0),03/01/23 11:00:00,A,PC_GDP,S13,TOTAL,TE,IE,2016,28.1,
ESTAT:GOV_10A_EXP$DEFAULTVIEW(1.0),03/01/23 11:00:00,A,PC_GDP,S13,TOTAL,TE,IE,2017,26.2,
ESTAT:GOV_10A_EXP$DEFAULTVIEW(1.0),03/01/23 11:00:00,A,PC_GDP,S13,TOTAL,TE,IE,2018,25.3,
ESTAT:GOV_10A_EXP$DEFAULTVIEW(1.0),03/01/23 11:00:00,A,PC_GDP,S13,TOTAL,TE,IE,2019,24.2,
ESTAT:GOV_10A_EXP$DEFAULTVIEW(1.0),03/01/23 11:00:00,A,PC_GDP,S13,TOTAL,TE,IE,2020,27.4,
ESTAT:GOV_10A_EXP$DEFAULTVIEW(1.0),03/01/23 11:00:00,A,PC_GDP,S13,TOTAL,TE,IS,2012,47.7,
ESTAT:GOV_10A_EXP$DEFAULTVIEW(1.0),03/01/23 11:00:00,A,PC_GDP,S13,TOTAL,TE,IS,2013,46.0,
ESTAT:GOV_10A_EXP$DEFAULTVIEW(1.0),03/01/23 11:00:00,A,PC_GDP,S13,TOTAL,TE,IS,2014,45.8,
ESTAT:GOV_10A_EXP$DEFAULTVIEW(1.0),03/01/23 11:00:00,A,PC_GDP,S13,TOTAL,TE,IS,2015,43.5,
ESTAT:GOV_10A_EXP$DEFAULTVIEW(1.0),03/01/23 11:00:00,A,PC_GDP,S13,TOTAL,TE,IS,2016,46.4,
ESTAT:GOV_10A_EXP$DEFAULTVIEW(1.0),03/01/23 11:00:00,A,PC_GDP,S13,TOTAL,TE,IS,2017,44.4,
ESTAT:GOV_10A_EXP$DEFAULTVIEW(1.0),03/01/23 11:00:00,A,PC_GDP,S13,TOTAL,TE,IS,2018,43.8,
ESTAT:GOV_10A_EXP$DEFAULTVIEW(1.0),03/01/23 11:00:00,A,PC_GDP,S13,TOTAL,TE,IS,2019,43.3,
ESTAT:GOV_10A_EXP$DEFAULTVIEW(1.0),03/01/23 11:00:00,A,PC_GDP,S13,TOTAL,TE,IS,2020,50.5,
ESTAT:GOV_10A_EXP$DEFAULTVIEW(1.0),03/01/23 11:00:00,A,PC_GDP,S13,TOTAL,TE,IT,2012,50.6,
ESTAT:GOV_10A_EXP$DEFAULTVIEW(1.0),03/01/23 11:00:00,A,PC_GDP,S13,TOTAL,TE,IT,2013,51.0,
ESTAT:GOV_10A_EXP$DEFAULTVIEW(1.0),03/01/23 11:00:00,A,PC_GDP,S13,TOTAL,TE,IT,2014,50.9,
ESTAT:GOV_10A_EXP$DEFAULTVIEW(1.0),03/01/23 11:00:00,A,PC_GDP,S13,TOTAL,TE,IT,2015,50.3,
ESTAT:GOV_10A_EXP$DEFAULTVIEW(1.0),03/01/23 11:00:00,A,PC_GDP,S13,TOTAL,TE,IT,2016,49.1,
ESTAT:GOV_10A_EXP$DEFAULTVIEW(1.0),03/01/23 11:00:00,A,PC_GDP,S13,TOTAL,TE,IT,2017,48.8,
ESTAT:GOV_10A_EXP$DEFAULTVIEW(1.0),03/01/23 11:00:00,A,PC_GDP,S13,TOTAL,TE,IT,2018,48.4,
ESTAT:GOV_10A_EXP$DEFAULTVIEW(1.0),03/01/23 11:00:00,A,PC_GDP,S13,TOTAL,TE,IT,2019,48.5,
ESTAT:GOV_10A_EXP$DEFAULTVIEW(1.0),03/01/23 11:00:00,A,PC_GDP,S13,TOTAL,TE,IT,2020,57.1,
ESTAT:GOV_10A_EXP$DEFAULTVIEW(1.0),03/01/23 11:00:00,A,PC_GDP,S13,TOTAL,TE,LT,2012,36.2,
ESTAT:GOV_10A_EXP$DEFAULTVIEW(1.0),03/01/23 11:00:00,A,PC_GDP,S13,TOTAL,TE,LT,2013,35.6,
ESTAT:GOV_10A_EXP$DEFAULTVIEW(1.0),03/01/23 11:00:00,A,PC_GDP,S13,TOTAL,TE,LT,2014,34.7,
ESTAT:GOV_10A_EXP$DEFAULTVIEW(1.0),03/01/23 11:00:00,A,PC_GDP,S13,TOTAL,TE,LT,2015,35.2,
ESTAT:GOV_10A_EXP$DEFAULTVIEW(1.0),03/01/23 11:00:00,A,PC_GDP,S13,TOTAL,TE,LT,2016,34.2,
ESTAT:GOV_10A_EXP$DEFAULTVIEW(1.0),03/01/23 11:00:00,A,PC_GDP,S13,TOTAL,TE,LT,2017,33.2,
ESTAT:GOV_10A_EXP$DEFAULTVIEW(1.0),03/01/23 11:00:00,A,PC_GDP,S13,TOTAL,TE,LT,2018,34.0,
ESTAT:GOV_10A_EXP$DEFAULTVIEW(1.0),03/01/23 11:00:00,A,PC_GDP,S13,TOTAL,TE,LT,2019,34.8,
ESTAT:GOV_10A_EXP$DEFAULTVIEW(1.0),03/01/23 11:00:00,A,PC_GDP,S13,TOTAL,TE,LT,2020,42.9,
ESTAT:GOV_10A_EXP$DEFAULTVIEW(1.0),03/01/23 11:00:00,A,PC_GDP,S13,TOTAL,TE,LU,2012,41.8,
ESTAT:GOV_10A_EXP$DEFAULTVIEW(1.0),03/01/23 11:00:00,A,PC_GDP,S13,TOTAL,TE,LU,2013,41.2,
ESTAT:GOV_10A_EXP$DEFAULTVIEW(1.0),03/01/23 11:00:00,A,PC_GDP,S13,TOTAL,TE,LU,2014,40.6,
ESTAT:GOV_10A_EXP$DEFAULTVIEW(1.0),03/01/23 11:00:00,A,PC_GDP,S13,TOTAL,TE,LU,2015,40.4,
ESTAT:GOV_10A_EXP$DEFAULTVIEW(1.0),03/01/23 11:00:00,A,PC_GDP,S13,TOTAL,TE,LU,2016,40.0,
ESTAT:GOV_10A_EXP$DEFAULTVIEW(1.0),03/01/23 11:00:00,A,PC_GDP,S13,TOTAL,TE,LU,2017,41.3,
ESTAT:GOV_10A_EXP$DEFAULTVIEW(1.0),03/01/23 11:00:00,A,PC_GDP,S13,TOTAL,TE,LU,2018,42.1,
ESTAT:GOV_10A_EXP$DEFAULTVIEW(1.0),03/01/23 11:00:00,A,PC_GDP,S13,TOTAL,TE,LU,2019,42.9,
ESTAT:GOV_10A_EXP$DEFAULTVIEW(1.0),03/01/23 11:00:00,A,PC_GDP,S13,TOTAL,TE,LU,2020,47.2,
ESTAT:GOV_10A_EXP$DEFAULTVIEW(1.0),03/01/23 11:00:00,A,PC_GDP,S13,TOTAL,TE,LV,2012,38.8,
ESTAT:GOV_10A_EXP$DEFAULTVIEW(1.0),03/01/23 11:00:00,A,PC_GDP,S13,TOTAL,TE,LV,2013,38.5,
ESTAT:GOV_10A_EXP$DEFAULTVIEW(1.0),03/01/23 11:00:00,A,PC_GDP,S13,TOTAL,TE,LV,2014,38.9,
ESTAT:GOV_10A_EXP$DEFAULTVIEW(1.0),03/01/23 11:00:00,A,PC_GDP,S13,TOTAL,TE,LV,2015,38.6,
ESTAT:GOV_10A_EXP$DEFAULTVIEW(1.0),03/01/23 11:00:00,A,PC_GDP,S13,TOTAL,TE,LV,2016,37.4,
ESTAT:GOV_10A_EXP$DEFAULTVIEW(1.0),03/01/23 11:00:00,A,PC_GDP,S13,TOTAL,TE,LV,2017,38.7,
ESTAT:GOV_10A_EXP$DEFAULTVIEW(1.0),03/01/23 11:00:00,A,PC_GDP,S13,TOTAL,TE,LV,2018,39.3,
ESTAT:GOV_10A_EXP$DEFAULTVIEW(1.0),03/01/23 11:00:00,A,PC_GDP,S13,TOTAL,TE,LV,2019,38.2,
ESTAT:GOV_10A_EXP$DEFAULTVIEW(1.0),03/01/23 11:00:00,A,PC_GDP,S13,TOTAL,TE,LV,2020,43.1,
ESTAT:GOV_10A_EXP$DEFAULTVIEW(1.0),03/01/23 11:00:00,A,PC_GDP,S13,TOTAL,TE,MT,2012,42.1,
ESTAT:GOV_10A_EXP$DEFAULTVIEW(1.0),03/01/23 11:00:00,A,PC_GDP,S13,TOTAL,TE,MT,2013,40.8,
ESTAT:GOV_10A_EXP$DEFAULTVIEW(1.0),03/01/23 11:00:00,A,PC_GDP,S13,TOTAL,TE,MT,2014,40.2,
ESTAT:GOV_10A_EXP$DEFAULTVIEW(1.0),03/01/23 11:00:00,A,PC_GDP,S13,TOTAL,TE,MT,2015,38.5,
ESTAT:GOV_10A_EXP$DEFAULTVIEW(1.0),03/01/23 11:00:00,A,PC_GDP,S13,TOTAL,TE,MT,2016,36.4,
ESTAT:GOV_10A_EXP$DEFAULTVIEW(1.0),03/01/23 11:00:00,A,PC_GDP,S13,TOTAL,TE,MT,2017,34.4,
ESTAT:GOV_10A_EXP$DEFAULTVIEW(1.0),03/01/23 11:00:00,A,PC_GDP,S13,TOTAL,TE,MT,2018,35.7,
ESTAT:GOV_10A_EXP$DEFAULTVIEW(1.0),03/01/23 11:00:00,A,PC_GDP,S13,TOTAL,TE,MT,2019,36.0,
ESTAT:GOV_10A_EXP$DEFAULTVIEW(1.0),03/01/23 11:00:00,A,PC_GDP,S13,TOTAL,TE,MT,2020,45.9,
ESTAT:GOV_10A_EXP$DEFAULTVIEW(1.0),03/01/23 11:00:00,A,PC_GDP,S13,TOTAL,TE,NL,2012,47.0,
ESTAT:GOV_10A_EXP$DEFAULTVIEW(1.0),03/01/23 11:00:00,A,PC_GDP,S13,TOTAL,TE,NL,2013,46.8,
ESTAT:GOV_10A_EXP$DEFAULTVIEW(1.0),03/01/23 11:00:00,A,PC_GDP,S13,TOTAL,TE,NL,2014,46.1,
ESTAT:GOV_10A_EXP$DEFAULTVIEW(1.0),03/01/23 11:00:00,A,PC_GDP,S13,TOTAL,TE,NL,2015,44.8,
ESTAT:GOV_10A_EXP$DEFAULTVIEW(1.0),03/01/23 11:00:00,A,PC_GDP,S13,TOTAL,TE,NL,2016,43.6,
ESTAT:GOV_10A_EXP$DEFAULTVIEW(1.0),03/01/23 11:00:00,A,PC_GDP,S13,TOTAL,TE,NL,2017,42.5,
ESTAT:GOV_10A_EXP$DEFAULTVIEW(1.0),03/01/23 11:00:00,A,PC_GDP,S13,TOTAL,TE,NL,2018,42.3,
ESTAT:GOV_10A_EXP$DEFAULTVIEW(1.0),03/01/23 11:00:00,A,PC_GDP,S13,TOTAL,TE,NL,2019,42.1,
ESTAT:GOV_10A_EXP$DEFAULTVIEW(1.0),03/01/23 11:00:00,A,PC_GDP,S13,TOTAL,TE,NL,2020,47.8,
ESTAT:GOV_10A_EXP$DEFAULTVIEW(1.0),03/01/23 11:00:00,A,PC_GDP,S13,TOTAL,TE,NL,2021,46.6,
ESTAT:GOV_10A_EXP$DEFAULTVIEW(1.0),03/01/23 11:00:00,A,PC_GDP,S13,TOTAL,TE,NO,2012,43.3,
ESTAT:GOV_10A_EXP$DEFAULTVIEW(1.0),03/01/23 11:00:00,A,PC_GDP,S13,TOTAL,TE,NO,2013,44.4,
ESTAT:GOV_10A_EXP$DEFAULTVIEW(1.0),03/01/23 11:00:00,A,PC_GDP,S13,TOTAL,TE,NO,2014,46.3,
ESTAT:GOV_10A_EXP$DEFAULTVIEW(1.0),03/01/23 11:00:00,A,PC_GDP,S13,TOTAL,TE,NO,2015,49.3,
ESTAT:GOV_10A_EXP$DEFAULTVIEW(1.0),03/01/23 11:00:00,A,PC_GDP,S13,TOTAL,TE,NO,2016,51.5,
ESTAT:GOV_10A_EXP$DEFAULTVIEW(1.0),03/01/23 11:00:00,A,PC_GDP,S13,TOTAL,TE,NO,2017,50.5,
ESTAT:GOV_10A_EXP$DEFAULTVIEW(1.0),03/01/23 11:00:00,A,PC_GDP,S13,TOTAL,TE,NO,2018,48.8,
ESTAT:GOV_10A_EXP$DEFAULTVIEW(1.0),03/01/23 11:00:00,A,PC_GDP,S13,TOTAL,TE,NO,2019,51.6,
ESTAT:GOV_10A_EXP$DEFAULTVIEW(1.0),03/01/23 11:00:00,A,PC_GDP,S13,TOTAL,TE,NO,2020,58.5,
ESTAT:GOV_10A_EXP$DEFAULTVIEW(1.0),03/01/23 11:00:00,A,PC_GDP,S13,TOTAL,TE,PL,2012,43.1,
ESTAT:GOV_10A_EXP$DEFAULTVIEW(1.0),03/01/23 11:00:00,A,PC_GDP,S13,TOTAL,TE,PL,2013,43.0,
ESTAT:GOV_10A_EXP$DEFAULTVIEW(1.0),03/01/23 11:00:00,A,PC_GDP,S13,TOTAL,TE,PL,2014,42.6,
ESTAT:GOV_10A_EXP$DEFAULTVIEW(1.0),03/01/23 11:00:00,A,PC_GDP,S13,TOTAL,TE,PL,2015,41.7,
ESTAT:GOV_10A_EXP$DEFAULTVIEW(1.0),03/01/23 11:00:00,A,PC_GDP,S13,TOTAL,TE,PL,2016,41.1,
ESTAT:GOV_10A_EXP$DEFAULTVIEW(1.0),03/01/23 11:00:00,A,PC_GDP,S13,TOTAL,TE,PL,2017,41.3,
ESTAT:GOV_10A_EXP$DEFAULTVIEW(1.0),03/01/23 11:00:00,A,PC_GDP,S13,TOTAL,TE,PL,2018,41.5,
ESTAT:GOV_10A_EXP$DEFAULTVIEW(1.0),03/01/23 11:00:00,A,PC_GDP,S13,TOTAL,TE,PL,2019,41.8,
ESTAT:GOV_10A_EXP$DEFAULTVIEW(1.0),03/01/23 11:00:00,A,PC_GDP,S13,TOTAL,TE,PL,2020,48.7,
ESTAT:GOV_10A_EXP$DEFAULTVIEW(1.0),03/01/23 11:00:00,A,PC_GDP,S13,TOTAL,TE,PT,2012,48.9,
ESTAT:GOV_10A_EXP$DEFAULTVIEW(1.0),03/01/23 11:00:00,A,PC_GDP,S13,TOTAL,TE,PT,2013,49.9,
ESTAT:GOV_10A_EXP$DEFAULTVIEW(1.0),03/01/23 11:00:00,A,PC_GDP,S13,TOTAL,TE,PT,2014,51.7,
ESTAT:GOV_10A_EXP$DEFAULTVIEW(1.0),03/01/23 11:00:00,A,PC_GDP,S13,TOTAL,TE,PT,2015,48.2,
ESTAT:GOV_10A_EXP$DEFAULTVIEW(1.0),03/01/23 11:00:00,A,PC_GDP,S13,TOTAL,TE,PT,2016,44.8,
ESTAT:GOV_10A_EXP$DEFAULTVIEW(1.0),03/01/23 11:00:00,A,PC_GDP,S13,TOTAL,TE,PT,2017,45.4,
ESTAT:GOV_10A_EXP$DEFAULTVIEW(1.0),03/01/23 11:00:00,A,PC_GDP,S13,TOTAL,TE,PT,2018,43.2,
ESTAT:GOV_10A_EXP$DEFAULTVIEW(1.0),03/01/23 11:00:00,A,PC_GDP,S13,TOTAL,TE,PT,2019,42.5,
ESTAT:GOV_10A_EXP$DEFAULTVIEW(1.0),03/01/23 11:00:00,A,PC_GDP,S13,TOTAL,TE,PT,2020,49.3,p
ESTAT:GOV_10A_EXP$DEFAULTVIEW(1.0),03/01/23 11:00:00,A,PC_GDP,S13,TOTAL,TE,RO,2012,36.2,
ESTAT:GOV_10A_EXP$DEFAULTVIEW(1.0),03/01/23 11:00:00,A,PC_GDP,S13,TOTAL,TE,RO,2013,36.0,
ESTAT:GOV_10A_EXP$DEFAULTVIEW(1.0),03/01/23 11:00:00,A,PC_GDP,S13,TOTAL,TE,RO,2014,35.4,
ESTAT:GOV_10A_EXP$DEFAULTVIEW(1.0),03/01/23 11:00:00,A,PC_GDP,S13,TOTAL,TE,RO,2015,36.0,
ESTAT:GOV_10A_EXP$DEFAULTVIEW(1.0),03/01/23 11:00:00,A,PC_GDP,S13,TOTAL,TE,RO,2016,35.0,
ESTAT:GOV_10A_EXP$DEFAULTVIEW(1.0),03/01/23 11:00:00,A,PC_GDP,S13,TOTAL,TE,RO,2017,33.6,
ESTAT:GOV_10A_EXP$DEFAULTVIEW(1.0),03/01/23 11:00:00,A,PC_GDP,S13,TOTAL,TE,RO,2018,34.5,
ESTAT:GOV_10A_EXP$DEFAULTVIEW(1.0),03/01/23 11:00:00,A,PC_GDP,S13,TOTAL,TE,RO,2019,36.0,
ESTAT:GOV_10A_EXP$DEFAULTVIEW(1.0),03/01/23 11:00:00,A,PC_GDP,S13,TOTAL,TE,RO,2020,41.5,
ESTAT:GOV_10A_EXP$DEFAULTVIEW(1.0),03/01/23 11:00:00,A,PC_GDP,S13,TOTAL,TE,SE,2012,51.0,
ESTAT:GOV_10A_EXP$DEFAULTVIEW(1.0),03/01/23 11:00:00,A,PC_GDP,S13,TOTAL,TE,SE,2013,51.7,
ESTAT:GOV_10A_EXP$DEFAULTVIEW(1.0),03/01/23 11:00:00,A,PC_GDP,S13,TOTAL,TE,SE,2014,50.7,
ESTAT:GOV_10A_EXP$DEFAULTVIEW(1.0),03/01/23 11:00:00,A,PC_GDP,S13,TOTAL,TE,SE,2015,49.3,
ESTAT:GOV_10A_EXP$DEFAULTVIEW(1.0),03/01/23 11:00:00,A,PC_GDP,S13,TOTAL,TE,SE,2016,49.7,
ESTAT:GOV_10A_EXP$DEFAULTVIEW(1.0),03/01/23 11:00:00,A,PC_GDP,S13,TOTAL,TE,SE,2017,49.2,
ESTAT:GOV_10A_EXP$DEFAULTVIEW(1.0),03/01/23 11:00:00,A,PC_GDP,S13,TOTAL,TE,SE,2018,49.9,
ESTAT:GOV_10A_EXP$DEFAULTVIEW(1.0),03/01/23 11:00:00,A,PC_GDP,S13,TOTAL,TE,SE,2019,49.1,
ESTAT:GOV_10A_EXP$DEFAULTVIEW(1.0),03/01/23 11:00:00,A,PC_GDP,S13,TOTAL,TE,SE,2020,52.1,
ESTAT:GOV_10A_EXP$DEFAULTVIEW(1.0),03/01/23 11:00:00,A,PC_GDP,S13,TOTAL,TE,SI,2012,49.4,
ESTAT:GOV_10A_EXP$DEFAULTVIEW(1.0),03/01/23 11:00:00,A,PC_GDP,S13,TOTAL,TE,SI,2013,60.3,
ESTAT:GOV_10A_EXP$DEFAULTVIEW(1.0),03/01/23 11:00:00,A,PC_GDP,S13,TOTAL,TE,SI,2014,50.8,
ESTAT:GOV_10A_EXP$DEFAULTVIEW(1.0),03/01/23 11:00:00,A,PC_GDP,S13,TOTAL,TE,SI,2015,48.7,
ESTAT:GOV_10A_EXP$DEFAULTVIEW(1.0),03/01/23 11:00:00,A,PC_GDP,S13,TOTAL,TE,SI,2016,46.2,
ESTAT:GOV_10A_EXP$DEFAULTVIEW(1.0),03/01/23 11:00:00,A,PC_GDP,S13,TOTAL,TE,SI,2017,44.1,
ESTAT:GOV_10A_EXP$DEFAULTVIEW(1.0),03/01/23 11:00:00,A,PC_GDP,S13,TOTAL,TE,SI,2018,43.5,
ESTAT:GOV_10A_EXP$DEFAULTVIEW(1.0),03/01/23 11:00:00,A,PC_GDP,S13,TOTAL,TE,SI,2019,43.3,
ESTAT:GOV_10A_EXP$DEFAULTVIEW(1.0),03/01/23 11:00:00,A,PC_GDP,S13,TOTAL,TE,SI,2020,51.3,
ESTAT:GOV_10A_EXP$DEFAULTVIEW(1.0),03/01/23 11:00:00,A,PC_GDP,S13,TOTAL,TE,SK,2012,41.3,
ESTAT:GOV_10A_EXP$DEFAULTVIEW(1.0),03/01/23 11:00:00,A,PC_GDP,S13,TOTAL,TE,SK,2013,42.6,
ESTAT:GOV_10A_EXP$DEFAULTVIEW(1.0),03/01/23 11:00:00,A,PC_GDP,S13,TOTAL,TE,SK,2014,43.4,
ESTAT:GOV_10A_EXP$DEFAULTVIEW(1.0),03/01/23 11:00:00,A,PC_GDP,S13,TOTAL,TE,SK,2015,45.7,
ESTAT:GOV_10A_EXP$DEFAULTVIEW(1.0),03/01/23 11:00:00,A,PC_GDP,S13,TOTAL,TE,SK,2016,42.7,
ESTAT:GOV_10A_EXP$DEFAULTVIEW(1.0),03/01/23 11:00:00,A,PC_GDP,S13,TOTAL,TE,SK,2017,39.6,
ESTAT:GOV_10A_EXP$DEFAULTVIEW(1.0),03/01/23 11:00:00,A,PC_GDP,S13,TOTAL,TE,SK,2018,39.8,
ESTAT:GOV_10A_EXP$DEFAULTVIEW(1.0),03/01/23 11:00:00,A,PC_GDP,S13,TOTAL,TE,SK,2019,40.7,
ESTAT:GOV_10A_EXP$DEFAULTVIEW(1.0),03/01/23 11:00:00,A,PC_GDP,S13,TOTAL,TE,SK,2020,45.6,
